Cat Claws (II),Dagger,4,https://ffrkstrategy.gamematome.jp/game/951/wiki/Equipment_Rarity 4_Cat Claws (II),37,,92,,,,,71,,92,,,,,156,,92,,,,
Platinum Dagger (XII),Dagger,4,https://ffrkstrategy.gamematome.jp/game/951/wiki/Equipment_Rarity 4_Platinum Dagger (XII),37,,92,,,,,71,,92,,,,,156,,92,,,,
Gladius (IX),Dagger,4,https://ffrkstrategy.gamematome.jp/game/951/wiki/Equipment_Rarity 4_Gladius (IX),38,,92,,,,,72,,92,,,,,157,,92,,,,
Maneater (VI),Dagger,4,https://ffrkstrategy.gamematome.jp/game/951/wiki/Equipment_Rarity 4_Maneater (VI),38,,92,,,5,,72,,92,,,5,,157,,92,,,5,
Swordbreaker (VI),Dagger,4,https://ffrkstrategy.gamematome.jp/game/951/wiki/Equipment_Rarity 4_Swordbreaker (VI),37,,92,,,5,,71,,92,,,5,,156,,92,,,5,
Dancing Dagger (IV),Dagger,4,https://ffrkstrategy.gamematome.jp/game/951/wiki/Equipment_Rarity 4_Dancing Dagger (IV),39,4,89,,,2,,73,4,89,,,2,,158,4,89,,,2,
Mesmerize Blade (VIII),Dagger,4,https://ffrkstrategy.gamematome.jp/game/951/wiki/Equipment_Rarity 4_Mesmerize Blade (VIII),40,5,89,,,2,,74,5,89,,,2,,159,5,89,,,2,
Crystal Sword (VI),Sword,4,https://ffrkstrategy.gamematome.jp/game/951/wiki/Equipment_Rarity 4_Crystal Sword (VI),42,,92,,,,,81,,92,,,,,179,,92,,,,
Diamond Sword (XII),Sword,4,https://ffrkstrategy.gamematome.jp/game/951/wiki/Equipment_Rarity 4_Diamond Sword (XII),42,,92,,,,,80,,92,,,,,175,,92,,,,
Wing Sword (II),Sword,4,https://ffrkstrategy.gamematome.jp/game/951/wiki/Equipment_Rarity 4_Wing Sword (II),42,,89,,,,,81,,89,,,,,179,,89,,,,
Warrior's Sword (X),Sword,4,https://ffrkstrategy.gamematome.jp/game/951/wiki/Equipment_Rarity 4_Warrior's Sword (X),44,,92,,,,,83,,92,,,,,181,,92,,,,
Defender (I),Sword,4,https://ffrkstrategy.gamematome.jp/game/951/wiki/Equipment_Rarity 4_Defender (I),46,,92,,,,,84,,92,,,,,179,,92,,,,
Masamune Blade (VII),Katana,4,https://ffrkstrategy.gamematome.jp/game/951/wiki/Equipment_Rarity 4_Masamune Blade (VII),42,,95,,,,,77,,95,,,,,165,,95,,,,
Nodachi (X),Katana,4,https://ffrkstrategy.gamematome.jp/game/951/wiki/Equipment_Rarity 4_Nodachi (X),41,,92,,,,,75,,92,,,,,160,,92,,,,
Rune Axe (V),Axe,4,https://ffrkstrategy.gamematome.jp/game/951/wiki/Equipment_Rarity 4_Rune Axe (V),46,3,92,,,,,87,3,92,,,,,190,3,92,,,,
Giant's Axe (V),Axe,4,https://ffrkstrategy.gamematome.jp/game/951/wiki/Equipment_Rarity 4_Giant's Axe (V),47,,92,,,,,90,,92,,,,,198,,92,,,,
Hammerhead (XII),Axe,4,https://ffrkstrategy.gamematome.jp/game/951/wiki/Equipment_Rarity 4_Hammerhead (XII),46,,92,,,,,87,,92,,,,,190,,92,,,,
Sledgehammer (XII),Hammer,4,https://ffrkstrategy.gamematome.jp/game/951/wiki/Equipment_Rarity 4_Sledgehammer (XII),41,,92,,,,,79,,92,,,,,174,,92,,,,
Trident (XII),Spear,4,https://ffrkstrategy.gamematome.jp/game/951/wiki/Equipment_Rarity 4_Trident (XII),41,,92,,,,,79,,92,,,,,174,,92,,,,
Metal Knuckle (VII),Fist,4,https://ffrkstrategy.gamematome.jp/game/951/wiki/Equipment_Rarity 4_Metal Knuckle (VII),39,,92,,,,,74,,92,,,,,162,,92,,,,
Power Glove (XIII),Fist,4,https://ffrkstrategy.gamematome.jp/game/951/wiki/Equipment_Rarity 4_Power Glove (XIII),38,,92,,,,,73,,92,,,,,161,,92,,,,
Light Rod (III),Rod,4,https://ffrkstrategy.gamematome.jp/game/951/wiki/Equipment_Rarity 4_Light Rod (III),13,41,92,,,,21,24,79,92,,,,40,52,174,92,,,,88
Empyrean Rod (XII),Rod,4,https://ffrkstrategy.gamematome.jp/game/951/wiki/Equipment_Rarity 4_Empyrean Rod (XII),13,42,92,,,,21,24,80,92,,,,40,52,175,92,,,,88
Gravity Rod (VI),Rod,4,https://ffrkstrategy.gamematome.jp/game/951/wiki/Equipment_Rarity 4_Gravity Rod (VI),13,42,92,,,,21,25,81,92,,,,41,55,179,92,,,,91
Light Staff (III),Staff,4,https://ffrkstrategy.gamematome.jp/game/951/wiki/Equipment_Rarity 4_Light Staff (III),13,21,92,,,,41,24,40,92,,,,79,52,88,92,,,,174
Sage's Staff (IV),Staff,4,https://ffrkstrategy.gamematome.jp/game/951/wiki/Equipment_Rarity 4_Sage's Staff (IV),13,21,92,,,,42,24,40,92,,,,80,52,88,92,,,,175
Healer's Staff (XIII),Staff,4,https://ffrkstrategy.gamematome.jp/game/951/wiki/Equipment_Rarity 4_Healer's Staff (XIII),12,20,92,,,,44,23,39,92,,,,82,51,87,92,,,,177
Killer Bow (V),Bow,4,https://ffrkstrategy.gamematome.jp/game/951/wiki/Equipment_Rarity 4_Killer Bow (V),33,13,92,,,,13,63,24,92,,,,24,138,52,92,,,,52
Hayate Bow (V),Bow,4,https://ffrkstrategy.gamematome.jp/game/951/wiki/Equipment_Rarity 4_Hayate Bow (V),34,13,92,,,,13,65,25,92,,,,25,143,55,92,,,,55
Madhura Harp (III),Instrument,4,https://ffrkstrategy.gamematome.jp/game/951/wiki/Equipment_Rarity 4_Madhura Harp (III),26,17,92,,,,17,49,33,92,,,,33,107,73,92,,,,73
Moonring Blade (VI),Thrown,4,https://ffrkstrategy.gamematome.jp/game/951/wiki/Equipment_Rarity 4_Moonring Blade (VI),33,,92,,,,,64,,92,,,,,142,,92,,,,
Crystal Shield (VI),Shield,4,https://ffrkstrategy.gamematome.jp/game/951/wiki/Equipment_Rarity 4_Crystal Shield (VI),,,,34,21,105,,,,,64,40,105,,,,,139,88,105,
Golden Shield (II),Shield,4,https://ffrkstrategy.gamematome.jp/game/951/wiki/Equipment_Rarity 4_Golden Shield (II),,,,34,21,108,,,,,64,40,108,,,,,139,88,108,
Hypno Crown (V),Hat,4,https://ffrkstrategy.gamematome.jp/game/951/wiki/Equipment_Rarity 4_Hypno Crown (V),,9,,21,41,102,9,,16,,40,79,102,16,,34,,88,174,102,34
Royal Crown (VI),Hat,4,https://ffrkstrategy.gamematome.jp/game/951/wiki/Equipment_Rarity 4_Royal Crown (VI),3,9,,21,42,102,9,3,16,,42,80,102,16,3,34,,95,175,102,34
Feathered Hat (III),Hat,4,https://ffrkstrategy.gamematome.jp/game/951/wiki/Equipment_Rarity 4_Feathered Hat (III),,9,,19,40,102,9,,17,,39,79,102,17,,37,,89,177,102,37
Ten-gallon Hat (VIII),Hat,4,https://ffrkstrategy.gamematome.jp/game/951/wiki/Equipment_Rarity 4_Ten-gallon Hat (VIII),,10,,20,43,102,9,,19,,40,81,102,17,,42,,90,176,102,37
Thornlet (V),Helm,4,https://ffrkstrategy.gamematome.jp/game/951/wiki/Equipment_Rarity 4_Thornlet (V),5,,,37,33,102,,8,,,71,63,102,,16,,,156,138,102,
Crystal Helm (VI),Helm,4,https://ffrkstrategy.gamematome.jp/game/951/wiki/Equipment_Rarity 4_Crystal Helm (VI),9,3,,39,35,102,,19,3,,76,67,102,,44,3,,169,147,102,
Diamond Helm (III),Helm,4,https://ffrkstrategy.gamematome.jp/game/951/wiki/Equipment_Rarity 4_Diamond Helm (III),5,,,36,32,102,,9,,,71,63,102,,19,,,159,141,102,
Black Garb (IV),Light Armor,4,https://ffrkstrategy.gamematome.jp/game/951/wiki/Equipment_Rarity 4_Black Garb (IV),,,,38,38,112,,,,,72,72,112,,,,,157,157,112,
Red Jacket (VI),Light Armor,4,https://ffrkstrategy.gamematome.jp/game/951/wiki/Equipment_Rarity 4_Red Jacket (VI),5,,,39,39,102,,5,,,76,76,102,,5,,,169,169,102,
Bright Armguard (X),Light Armor,4,https://ffrkstrategy.gamematome.jp/game/951/wiki/Equipment_Rarity 4_Bright Armguard (X),,,,36,32,102,,,,,73,72,102,,,,,166,172,102,
Crystal Armor (V),Armor,4,https://ffrkstrategy.gamematome.jp/game/951/wiki/Equipment_Rarity 4_Crystal Armor (V),,,,52,22,102,,,,,101,42,102,,,,,224,92,102,
Diamond Armor (VI),Armor,4,https://ffrkstrategy.gamematome.jp/game/951/wiki/Equipment_Rarity 4_Diamond Armor (VI),,,,50,21,102,,,,,96,40,102,,,,,211,88,102,
Knight's Armor (I),Armor,4,https://ffrkstrategy.gamematome.jp/game/951/wiki/Equipment_Rarity 4_Knight's Armor (I),,,,53,18,102,,,,,99,37,102,,,,,214,85,102,
Black Robe (IV),Robe,4,https://ffrkstrategy.gamematome.jp/game/951/wiki/Equipment_Rarity 4_Black Robe (IV),,5,,30,50,102,,,5,,56,96,102,,,5,,121,211,102,
White Robe (IV),Robe,4,https://ffrkstrategy.gamematome.jp/game/951/wiki/Equipment_Rarity 4_White Robe (IV),,,,30,50,102,5,,,,56,96,102,5,,,,121,211,102,5
Gaia Vest (III),Robe,4,https://ffrkstrategy.gamematome.jp/game/951/wiki/Equipment_Rarity 4_Gaia Vest (III),,,,28,49,102,,,,,55,96,102,,,,,123,214,102,
Crystal Bangle (VII),Bracer,4,https://ffrkstrategy.gamematome.jp/game/951/wiki/Equipment_Rarity 4_Crystal Bangle (VII),9,9,,19,27,102,9,16,16,,42,56,102,16,34,34,,100,129,102,34
Wizard Armlet (X),Bracer,4,https://ffrkstrategy.gamematome.jp/game/951/wiki/Equipment_Rarity 4_Wizard Armlet (X),5,11,,19,29,102,9,13,19,,42,59,102,16,33,39,,100,134,102,34
Silver Bangle (XIII),Bracer,4,https://ffrkstrategy.gamematome.jp/game/951/wiki/Equipment_Rarity 4_Silver Bangle (XIII),9,9,,20,25,103,9,15,15,,43,54,103,15,30,30,,101,127,103,30
Fire Ring (VII),Accessory,4,https://ffrkstrategy.gamematome.jp/game/951/wiki/Equipment_Rarity 4_Fire Ring (VII),,,,,,,,,,,,,,,,,,,,,
Ice Ring (VII),Accessory,4,https://ffrkstrategy.gamematome.jp/game/951/wiki/Equipment_Rarity 4_Ice Ring (VII),,,,,,,,,,,,,,,,,,,,,
Touph Ring (VII),Accessory,4,https://ffrkstrategy.gamematome.jp/game/951/wiki/Equipment_Rarity 4_Touph Ring (VII),,,,,,,,,,,,,,,,,,,,,
White Cape (VII),Accessory,4,https://ffrkstrategy.gamematome.jp/game/951/wiki/Equipment_Rarity 4_White Cape (VII),,,,,,,,,,,,,,,,,,,,,
Muscle Belt (VI),Accessory,4,https://ffrkstrategy.gamematome.jp/game/951/wiki/Equipment_Rarity 4_Muscle Belt (VI),,,,,,,,,,,,,,,,,,,,,
Hyper Wrist (VIII),Accessory,4,https://ffrkstrategy.gamematome.jp/game/951/wiki/Equipment_Rarity 4_Hyper Wrist (VIII),,,,,,,,,,,,,,,,,,,,,
Magic Armlet (IX),Accessory,4,https://ffrkstrategy.gamematome.jp/game/951/wiki/Equipment_Rarity 4_Magic Armlet (IX),,,,,,,,,,,,,,,,,,,,,
Champion Belt (VII),Accessory,4,https://ffrkstrategy.gamematome.jp/game/951/wiki/Equipment_Rarity 4_Champion Belt (VII),,,,,,,,,,,,,,,,,,,,,
Soft Bracer (X),Accessory,4,https://ffrkstrategy.gamematome.jp/game/951/wiki/Equipment_Rarity 4_Soft Bracer (X),,,,,,,,,,,,,,,,,,,,,
Danjuro (XII),Dagger,5,https://ffrkstrategy.gamematome.jp/game/951/wiki/Equipment_Rarity 5_Danjuro (XII),69,,95,,,,,113,,95,,,,,220,,95,,,,
Behemoth Knife,Dagger,5,https://ffrkstrategy.gamematome.jp/game/951/wiki/Equipment_Rarity 5_Behemoth Knife,64,,95,,,,,109,,95,,,,,218,,95,,,,
Gladius (XII),Dagger,5,https://ffrkstrategy.gamematome.jp/game/951/wiki/Equipment_Rarity 5_Gladius (XII),65,,95,,,,,109,,95,,,,,216,,95,,,,
Shark (VII),Dagger,5,https://ffrkstrategy.gamematome.jp/game/951/wiki/Equipment_Rarity 5_Shark (VII),68,,95,,,,,111,,95,,,,,215,,95,,,,
Buster Sword (VII),Sword,5,https://ffrkstrategy.gamematome.jp/game/951/wiki/Equipment_Rarity 5_Buster Sword (VII),76,,95,,,,,126,,95,,,,,247,,95,,,,
Hardedge (VII),Sword,5,https://ffrkstrategy.gamematome.jp/game/951/wiki/Equipment_Rarity 5_Hardedge (VII),78,,95,,,,,130,,95,,,,,256,,95,,,,
Brotherhood (X),Sword,5,https://ffrkstrategy.gamematome.jp/game/951/wiki/Equipment_Rarity 5_Brotherhood (X),76,,95,,,,,126,,95,,,,,247,,95,,,,
Dark Sword (IV),Sword,5,https://ffrkstrategy.gamematome.jp/game/951/wiki/Equipment_Rarity 5_Dark Sword (IV),77,,95,-2,,,,128,,95,-2,,,,252,,95,-2,,,
Mythgraven Blade (IV),Sword,5,https://ffrkstrategy.gamematome.jp/game/951/wiki/Equipment_Rarity 5_Mythgraven Blade (IV),78,,95,,,,10,130,,95,,,,10,256,,95,,,,10
Soul Sabre (VI),Sword,5,https://ffrkstrategy.gamematome.jp/game/951/wiki/Equipment_Rarity 5_Soul Sabre (VI),76,,95,,,,,125,,95,,,,,244,,95,,,,
Thunder Blade (VI),Sword,5,https://ffrkstrategy.gamematome.jp/game/951/wiki/Equipment_Rarity 5_Thunder Blade (VI),65,20,89,,,,,115,40,89,,,,,236,89,89,,,,
Zantetsuken (VI),Sword,5,https://ffrkstrategy.gamematome.jp/game/951/wiki/Equipment_Rarity 5_Zantetsuken (VI),71,,95,,,,,120,,95,,,,,239,,95,,,,
Tyrfing (III),Sword,5,https://ffrkstrategy.gamematome.jp/game/951/wiki/Equipment_Rarity 5_Tyrfing (III),77,,95,,,,,128,,95,,,,,252,,95,,,,
Enhancer (VI),Sword,5,https://ffrkstrategy.gamematome.jp/game/951/wiki/Equipment_Rarity 5_Enhancer (VI),55,77,95,,,,,95,127,95,,,,,192,248,95,,,,
Blitz Sword (VIII),Sword,5,https://ffrkstrategy.gamematome.jp/game/951/wiki/Equipment_Rarity 5_Blitz Sword (VIII),75,6,95,,,,,124,6,95,,,,,243,6,95,,,,
Revolver (VIII),Sword,5,https://ffrkstrategy.gamematome.jp/game/951/wiki/Equipment_Rarity 5_Revolver (VIII),77,,95,,,,,129,,95,,,,,255,,95,,,,
Flame Sword (IV),Sword,5,https://ffrkstrategy.gamematome.jp/game/951/wiki/Equipment_Rarity 5_Flame Sword (IV),67,20,89,,,,,119,40,89,,,,,245,89,89,,,,
Gaia Blade (II),Sword,5,https://ffrkstrategy.gamematome.jp/game/951/wiki/Equipment_Rarity 5_Gaia Blade (II),65,22,89,,,,,117,42,89,,,,,243,91,89,,,,
Sun Blade (I),Sword,5,https://ffrkstrategy.gamematome.jp/game/951/wiki/Equipment_Rarity 5_Sun Blade (I),75,,95,,,,,126,,95,,,,,250,,95,,,,
Betrayal Sword (VIII),Sword,5,https://ffrkstrategy.gamematome.jp/game/951/wiki/Equipment_Rarity 5_Betrayal Sword (VIII),67,,95,,,,,118,,95,,,,,242,,95,,,,
Soldier's Sabre (X),Sword,5,https://ffrkstrategy.gamematome.jp/game/951/wiki/Equipment_Rarity 5_Soldier's Sabre (X),66,20,89,,,,,118,40,89,,,,,244,89,89,,,,
Butterfly Edge (VII),Sword,5,https://ffrkstrategy.gamematome.jp/game/951/wiki/Equipment_Rarity 5_Butterfly Edge (VII),74,,95,,,,,123,,95,,,,,242,,95,,,,
Murasame (VII),Katana,5,https://ffrkstrategy.gamematome.jp/game/951/wiki/Equipment_Rarity 5_Murasame (VII),75,5,92,,,,,128,5,92,,,,,256,5,92,,,,
Masamune (VII),Katana,5,https://ffrkstrategy.gamematome.jp/game/951/wiki/Equipment_Rarity 5_Masamune (VII),80,,95,,,,,132,,95,,,,,258,,95,,,,
Kiku-ichimonji (VI),Katana,5,https://ffrkstrategy.gamematome.jp/game/951/wiki/Equipment_Rarity 5_Kiku-ichimonji (VI),76,,95,,,,,129,,95,,,,,257,,95,,,,
One-Winged Angel (VII),Katana,5,https://ffrkstrategy.gamematome.jp/game/951/wiki/Equipment_Rarity 5_One-Winged Angel (VII),81,,95,,,,,134,,95,,,,,262,,95,,,,
Blood Lance (IV),Spear,5,https://ffrkstrategy.gamematome.jp/game/951/wiki/Equipment_Rarity 5_Blood Lance (IV),79,,95,,,,,128,,95,,,,,247,,95,,,,
Golden Spear (VI),Spear,5,https://ffrkstrategy.gamematome.jp/game/951/wiki/Equipment_Rarity 5_Golden Spear (VI),73,,95,,,,,123,,95,,,,,244,,95,,,,
Heat Lance (X),Spear,5,https://ffrkstrategy.gamematome.jp/game/951/wiki/Equipment_Rarity 5_Heat Lance (X),67,,95,,,,,117,,95,,,,,238,,95,,,,
Wind Spear (IV),Spear,5,https://ffrkstrategy.gamematome.jp/game/951/wiki/Equipment_Rarity 5_Wind Spear (IV),68,,95,,,,,118,,95,,,,,239,,95,,,,
Partisan (VI),Spear,5,https://ffrkstrategy.gamematome.jp/game/951/wiki/Equipment_Rarity 5_Partisan (VI),79,,95,,,,,128,,95,,,,,247,,95,,,,
Grand Glove (VII),Fist,5,https://ffrkstrategy.gamematome.jp/game/951/wiki/Equipment_Rarity 5_Grand Glove (VII),71,,95,,,,,115,,95,,,,,222,,95,,,,
Crystal Glove (VII),Fist,5,https://ffrkstrategy.gamematome.jp/game/951/wiki/Equipment_Rarity 5_Crystal Glove (VII),75,,95,,,,,124,,95,,,,,243,,95,,,,
Giant's Gloves (II),Fist,5,https://ffrkstrategy.gamematome.jp/game/951/wiki/Equipment_Rarity 5_Giant's Gloves (II),72,,95,,,,,116,,95,,,,,223,,95,,,,
Kaiser Knuckles (XIII),Fist,5,https://ffrkstrategy.gamematome.jp/game/951/wiki/Equipment_Rarity 5_Kaiser Knuckles (XIII),66,,95,,,,,110,,95,,,,,217,,95,,,,
Kaiser Knuckles (VI),Fist,5,https://ffrkstrategy.gamematome.jp/game/951/wiki/Equipment_Rarity 5_Kaiser Knuckles (VI),75,,95,,,,,124,,95,,,,,243,,95,,,,
Guard Stick (VII),Rod,5,https://ffrkstrategy.gamematome.jp/game/951/wiki/Equipment_Rarity 5_Guard Stick (VII),23,76,95,,,,50,38,125,95,,,,75,75,244,95,,,,136
Full Metal Staff (VII),Rod,5,https://ffrkstrategy.gamematome.jp/game/951/wiki/Equipment_Rarity 5_Full Metal Staff (VII),25,77,95,,,,39,39,128,95,,,,64,73,252,95,,,,125
Magistral Rod (X),Rod,5,https://ffrkstrategy.gamematome.jp/game/951/wiki/Equipment_Rarity 5_Magistral Rod (X),29,68,95,,,,79,59,118,95,,,,130,132,239,95,,,,254
Binding Rod (XIII),Rod,5,https://ffrkstrategy.gamematome.jp/game/951/wiki/Equipment_Rarity 5_Binding Rod (XIII),29,77,95,,,,46,59,128,95,,,,71,132,252,95,,,,132
Oak Staff (IX),Rod,5,https://ffrkstrategy.gamematome.jp/game/951/wiki/Equipment_Rarity 5_Oak Staff (IX),30,79,95,,,,44,60,130,95,,,,69,133,254,95,,,,130
Hunter's Rod (XIII),Rod,5,https://ffrkstrategy.gamematome.jp/game/951/wiki/Equipment_Rarity 5_Hunter's Rod (XIII),28,69,95,,,,47,57,115,95,,,,74,127,227,95,,,,140
Morning Star (VIII),Rod,5,https://ffrkstrategy.gamematome.jp/game/951/wiki/Equipment_Rarity 5_Morning Star (VIII),40,59,95,,,,76,70,109,95,,,,127,143,230,95,,,,251
Healing Staff (V),Staff,5,https://ffrkstrategy.gamematome.jp/game/951/wiki/Equipment_Rarity 5_Healing Staff (V),23,60,95,,,,77,39,110,95,,,,128,78,231,95,,,,252
Judgment Staff (V),Staff,5,https://ffrkstrategy.gamematome.jp/game/951/wiki/Equipment_Rarity 5_Judgment Staff (V),23,38,95,,,,76,38,63,95,,,,126,75,124,95,,,,247
Storm Staff (IX),Staff,5,https://ffrkstrategy.gamematome.jp/game/951/wiki/Equipment_Rarity 5_Storm Staff (IX),23,78,95,,,,68,39,129,95,,,,118,78,253,95,,,,239
Loxley Bow (XII),Bow,5,https://ffrkstrategy.gamematome.jp/game/951/wiki/Equipment_Rarity 5_Loxley Bow (XII),63,16,95,,,,16,110,31,95,,,,31,224,68,95,,,,68
Ice Whip (IV),Whip,5,https://ffrkstrategy.gamematome.jp/game/951/wiki/Equipment_Rarity 5_Ice Whip (IV),46,77,95,,,,,75,129,95,,,,,145,255,95,,,,
Sleipnir's Tail (VIII),Whip,5,https://ffrkstrategy.gamematome.jp/game/951/wiki/Equipment_Rarity 5_Sleipnir's Tail (VIII),52,75,95,,,,,87,127,95,,,,,172,253,95,,,,
Hawkeye (VI),Thrown,5,https://ffrkstrategy.gamematome.jp/game/951/wiki/Equipment_Rarity 5_Hawkeye (VI),65,,92,,,,,110,,92,,,,,219,,92,,,,
Valkyrie (VIII),Thrown,5,https://ffrkstrategy.gamematome.jp/game/951/wiki/Equipment_Rarity 5_Valkyrie (VIII),52,75,95,,,,,87,127,95,,,,,172,253,95,,,,
Rising Sun (VI),Thrown,5,https://ffrkstrategy.gamematome.jp/game/951/wiki/Equipment_Rarity 5_Rising Sun (VI),68,,95,,,,,112,,95,,,,,219,,95,,,,
Fujin's Chakram (VIII),Thrown,5,https://ffrkstrategy.gamematome.jp/game/951/wiki/Equipment_Rarity 5_Fujin's Chakram (VIII),57,48,95,,,,,102,88,95,,,,,211,185,95,,,,
Healing Grimoire,Book,5,https://ffrkstrategy.gamematome.jp/game/951/wiki/Equipment_Rarity 5_Healing Grimoire,57,57,95,,,,67,87,108,95,,,,118,160,232,95,,,,242
Sentinel's Grimoire,Book,5,https://ffrkstrategy.gamematome.jp/game/951/wiki/Equipment_Rarity 5_Sentinel's Grimoire,67,72,95,5,,,57,111,121,95,5,,,108,218,240,95,5,,,232
Valiant (VIII),Gun,5,https://ffrkstrategy.gamematome.jp/game/951/wiki/Equipment_Rarity 5_Valiant (VIII),64,,95,,,,,111,,95,,,,,225,,95,,,,
Ras Algethi (XII),Gun,5,https://ffrkstrategy.gamematome.jp/game/951/wiki/Equipment_Rarity 5_Ras Algethi (XII),70,,95,,,,,117,,95,,,,,231,,95,,,,
Official Ball (X),Ball,5,https://ffrkstrategy.gamematome.jp/game/951/wiki/Equipment_Rarity 5_Official Ball (X),65,,95,,,,,110,,95,,,,,219,,95,,,,
Diamond Pin (VII),Hairpin,5,https://ffrkstrategy.gamematome.jp/game/951/wiki/Equipment_Rarity 5_Diamond Pin (VII),70,,95,,,,,114,,95,,,,,221,,95,,,,
Silver Barrette (VII),Hairpin,5,https://ffrkstrategy.gamematome.jp/game/951/wiki/Equipment_Rarity 5_Silver Barrette (VII),60,77,95,,,,,95,127,95,,,,,180,248,95,,,,
Genji Shield (IV),Shield,5,https://ffrkstrategy.gamematome.jp/game/951/wiki/Equipment_Rarity 5_Genji Shield (IV),,,,62,39,108,,,,,102,64,108,,,,,199,125,108,
Lustrous Shield (IV),Shield,5,https://ffrkstrategy.gamematome.jp/game/951/wiki/Equipment_Rarity 5_Lustrous Shield (IV),,,,63,40,108,15,,,,103,65,108,15,,,,200,126,108,15
Emerald Shield (X),Shield,5,https://ffrkstrategy.gamematome.jp/game/951/wiki/Equipment_Rarity 5_Emerald Shield (X),,,,67,43,112,,,,,109,68,112,,,,,211,129,112,
Golden Shield (VI),Shield,5,https://ffrkstrategy.gamematome.jp/game/951/wiki/Equipment_Rarity 5_Golden Shield (VI),,,,68,45,110,,,,,108,70,110,,,,,205,131,110,
Kaiser Shield (XII),Shield,5,https://ffrkstrategy.gamematome.jp/game/951/wiki/Equipment_Rarity 5_Kaiser Shield (XII),,,,70,47,105,,,,,110,72,105,,,,,207,133,105,
Mystery Veil (VI),Hat,5,https://ffrkstrategy.gamematome.jp/game/951/wiki/Equipment_Rarity 5_Mystery Veil (VI),,20,,39,77,105,16,,30,,64,127,105,26,,55,,125,248,105,51
Defense Veil (X),Hat,5,https://ffrkstrategy.gamematome.jp/game/951/wiki/Equipment_Rarity 5_Defense Veil (X),,20,,40,78,105,17,,NaN,,NaN,NaN,NaN,NaN,,NaN,,NaN,NaN,NaN,NaN
Genji Helm (V),Helm,5,https://ffrkstrategy.gamematome.jp/game/951/wiki/Equipment_Rarity 5_Genji Helm (V),8,,,69,62,105,,13,,,114,102,105,,26,,,223,199,105,
Dark Helm (IV),Helm,5,https://ffrkstrategy.gamematome.jp/game/951/wiki/Equipment_Rarity 5_Dark Helm (IV),8,,,65,59,105,,13,,,110,99,105,,26,,,219,196,105,
Wild Bear (XIII),Light Armor,5,https://ffrkstrategy.gamematome.jp/game/951/wiki/Equipment_Rarity 5_Wild Bear (XIII),,,,70,70,105,,,,,116,116,105,,,,,228,228,105,
Balamb Garden Uniform (VIII),Light Armor,5,https://ffrkstrategy.gamematome.jp/game/951/wiki/Equipment_Rarity 5_Balamb Garden Uniform (VIII),,,,68,71,100,,,,,114,117,100,,,,,226,229,100,
Raijin's Vest (VIII),Light Armor,5,https://ffrkstrategy.gamematome.jp/game/951/wiki/Equipment_Rarity 5_Raijin's Vest (VIII),,,,71,69,105,,,,,117,115,105,,,,,229,227,105,
Viking Coat (XII),Light Armor,5,https://ffrkstrategy.gamematome.jp/game/951/wiki/Equipment_Rarity 5_Viking Coat (XII),,,,66,69,100,,,,,112,115,100,,,,,224,227,100,
Genji Armor (V),Armor,5,https://ffrkstrategy.gamematome.jp/game/951/wiki/Equipment_Rarity 5_Genji Armor (V),,,,92,39,105,,,,,137,64,105,,,,,246,125,105,
Dark Armor (IV),Armor,5,https://ffrkstrategy.gamematome.jp/game/951/wiki/Equipment_Rarity 5_Dark Armor (IV),5,,,85,46,100,,5,,,129,71,100,,5,,,236,132,100,
Diamond Armor (IV),Armor,5,https://ffrkstrategy.gamematome.jp/game/951/wiki/Equipment_Rarity 5_Diamond Armor (IV),,,,85,46,100,,,,,129,71,100,,,,,236,132,100,
Minotaur Plate (VIII),Armor,5,https://ffrkstrategy.gamematome.jp/game/951/wiki/Equipment_Rarity 5_Minotaur Plate (VIII),,,,80,33,102,,,,,125,58,102,,,,,234,119,102,
Golden Armor (XII),Armor,5,https://ffrkstrategy.gamematome.jp/game/951/wiki/Equipment_Rarity 5_Golden Armor (XII),,,,89,44,104,,,,,134,65,104,,,,,243,116,104,
Regal Gown (VI),Robe,5,https://ffrkstrategy.gamematome.jp/game/951/wiki/Equipment_Rarity 5_Regal Gown (VI),,,,54,92,105,,,,,89,137,105,,,,,174,246,105,
Monk Robe (X),Robe,5,https://ffrkstrategy.gamematome.jp/game/951/wiki/Equipment_Rarity 5_Monk Robe (X),,,,53,86,105,,,,,88,128,105,,,,,173,230,105,
Black Robe (IX),Robe,5,https://ffrkstrategy.gamematome.jp/game/951/wiki/Equipment_Rarity 5_Black Robe (IX),,10,,50,90,105,,,10,,85,135,105,,,10,,170,244,105,
White Robe (IX),Robe,5,https://ffrkstrategy.gamematome.jp/game/951/wiki/Equipment_Rarity 5_White Robe (IX),,,,50,90,105,10,,,,85,135,105,10,,,,170,244,105,10
Edincoat (VII),Bracer,5,https://ffrkstrategy.gamematome.jp/game/951/wiki/Equipment_Rarity 5_Edincoat (VII),16,16,,69,54,105,16,26,26,,95,90,105,26,51,51,,158,177,105,51
Gold Bangle (XIII),Bracer,5,https://ffrkstrategy.gamematome.jp/game/951/wiki/Equipment_Rarity 5_Gold Bangle (XIII),13,13,,57,53,105,13,22,22,,83,89,105,22,44,44,,146,176,105,44
Wizard Bracelet (VII),Bracer,5,https://ffrkstrategy.gamematome.jp/game/951/wiki/Equipment_Rarity 5_Wizard Bracelet (VII),14,12,,56,54,105,13,23,22,,82,90,105,22,45,47,,145,177,105,44
Gold Armlet (VII),Bracer,5,https://ffrkstrategy.gamematome.jp/game/951/wiki/Equipment_Rarity 5_Gold Armlet (VII),14,11,,55,54,105,13,23,21,,81,90,105,22,45,46,,144,177,105,44
Emerald Bracer (X),Bracer,5,https://ffrkstrategy.gamematome.jp/game/951/wiki/Equipment_Rarity 5_Emerald Bracer (X),14,12,,56,54,105,13,23,22,,82,90,105,22,45,47,,145,177,105,44
Safety Bit (X),Accessory,5,https://ffrkstrategy.gamematome.jp/game/951/wiki/Equipment_Rarity 5_Safety Bit (X),,,,,,,,,,,,,,,,,,,,,
Gauntlets (IV),Accessory,5,https://ffrkstrategy.gamematome.jp/game/951/wiki/Equipment_Rarity 5_Gauntlets (IV),,,,,,,,,,,,,,,,,,,,,
Rose Corsage (XII),Accessory,5,https://ffrkstrategy.gamematome.jp/game/951/wiki/Equipment_Rarity 5_Rose Corsage (XII),,,,,,,,,,,,,,,,,,,,,
Orichalcum Dirk (V),Dagger,3,https://ffrkstrategy.gamematome.jp/game/951/wiki/Equipment_Rarity 3_Orichalcum Dirk (V),19,,89,,,,,46,,89,,,,,118,,89,,,,
Dancing Dagger (V),Dagger,3,https://ffrkstrategy.gamematome.jp/game/951/wiki/Equipment_Rarity 3_Dancing Dagger (V),18,3,89,,,3,,44,3,89,,,3,,113,3,89,,,3,
Avenger (XII),Dagger,3,https://ffrkstrategy.gamematome.jp/game/951/wiki/Equipment_Rarity 3_Avenger (XII),19,,89,,,,,45,,89,,,,,114,,89,,,,
Ripper (II),Dagger,3,https://ffrkstrategy.gamematome.jp/game/951/wiki/Equipment_Rarity 3_Ripper (II),20,,89,,,,,48,,89,,,,,122,,89,,,,
Main Gauche (VI),Dagger,3,https://ffrkstrategy.gamematome.jp/game/951/wiki/Equipment_Rarity 3_Main Gauche (VI),18,,89,,,4,,44,,89,,,4,,113,,89,,,4,
Air Knife (VI),Dagger,3,https://ffrkstrategy.gamematome.jp/game/951/wiki/Equipment_Rarity 3_Air Knife (VI),19,,89,,,,,45,,89,,,,,114,,89,,,,
Mage Masher (IV),Dagger,3,https://ffrkstrategy.gamematome.jp/game/951/wiki/Equipment_Rarity 3_Mage Masher (IV),18,,89,,,,,44,,89,,,,,113,,89,,,,
Rune Blade (V),Sword,3,https://ffrkstrategy.gamematome.jp/game/951/wiki/Equipment_Rarity 3_Rune Blade (V),20,3,89,,,,,48,3,89,,,,,122,3,89,,,,
Enhancer (V),Sword,3,https://ffrkstrategy.gamematome.jp/game/951/wiki/Equipment_Rarity 3_Enhancer (V),19,5,89,,,,,47,5,89,,,,,121,5,89,,,,
Ancient Sword (XII),Sword,3,https://ffrkstrategy.gamematome.jp/game/951/wiki/Equipment_Rarity 3_Ancient Sword (XII),22,,89,,,,,48,,89,,,,,117,,89,,,,
Platinum Sword (XII),Sword,3,https://ffrkstrategy.gamematome.jp/game/951/wiki/Equipment_Rarity 3_Platinum Sword (XII),21,,89,,,,,51,,89,,,,,130,,89,,,,
Flametongue (VI),Sword,3,https://ffrkstrategy.gamematome.jp/game/951/wiki/Equipment_Rarity 3_Flametongue (VI),19,3,89,,,,,48,3,89,,,,,125,3,89,,,,
Falchion (VI),Sword,3,https://ffrkstrategy.gamematome.jp/game/951/wiki/Equipment_Rarity 3_Falchion (VI),22,,89,,,3,,52,,89,,,3,,131,,89,,,3,
Bastard Sword (VI),Sword,3,https://ffrkstrategy.gamematome.jp/game/951/wiki/Equipment_Rarity 3_Bastard Sword (VI),23,,89,,,,,54,,89,,,,,136,,89,,,,
Sleep Blade (IV),Sword,3,https://ffrkstrategy.gamematome.jp/game/951/wiki/Equipment_Rarity 3_Sleep Blade (IV),18,,89,,,,,46,,89,,,,,120,,89,,,,
Icebrand (IV),Sword,3,https://ffrkstrategy.gamematome.jp/game/951/wiki/Equipment_Rarity 3_Icebrand (IV),20,3,89,,,,,48,3,89,,,,,122,3,89,,,,
Defender (IV),Sword,3,https://ffrkstrategy.gamematome.jp/game/951/wiki/Equipment_Rarity 3_Defender (IV),21,,89,3,,,,50,,89,3,,,,127,,89,3,,,
Stoneblade (VI),Sword,3,https://ffrkstrategy.gamematome.jp/game/951/wiki/Equipment_Rarity 3_Stoneblade (VI),18,,89,,,,,46,,89,,,,,120,,89,,,,
Claymore (XII),Sword,3,https://ffrkstrategy.gamematome.jp/game/951/wiki/Equipment_Rarity 3_Claymore (XII),20,,89,,,,,48,,89,,,,,122,,89,,,,
Fencing Sabre (X),Sword,3,https://ffrkstrategy.gamematome.jp/game/951/wiki/Equipment_Rarity 3_Fencing Sabre (X),19,,89,,,,,52,,89,,,,,139,,89,,,,
Mythril Saber (VII),Sword,3,https://ffrkstrategy.gamematome.jp/game/951/wiki/Equipment_Rarity 3_Mythril Saber (VII),20,,89,,,,,50,,89,,,,,129,,89,,,,
Death Sickle (V),Axe,3,https://ffrkstrategy.gamematome.jp/game/951/wiki/Equipment_Rarity 3_Death Sickle (V),24,,89,,,,,57,,89,,,,,144,,89,,,,
Poison Axe (IV),Axe,3,https://ffrkstrategy.gamematome.jp/game/951/wiki/Equipment_Rarity 3_Poison Axe (IV),23,,89,,,,,54,,89,,,,,136,,89,,,,
Dual Tomahawk (III),Axe,3,https://ffrkstrategy.gamematome.jp/game/951/wiki/Equipment_Rarity 3_Dual Tomahawk (III),23,,89,,,,,55,,89,,,,,140,,89,,,,
Gaia Hammer (V),Hammer,3,https://ffrkstrategy.gamematome.jp/game/951/wiki/Equipment_Rarity 3_Gaia Hammer (V),21,,89,,,,,50,,89,,,,,127,,89,,,,
Javelin (V),Spear,3,https://ffrkstrategy.gamematome.jp/game/951/wiki/Equipment_Rarity 3_Javelin (V),21,,89,,,,,50,,89,,,,,127,,89,,,,
Storm Spear (XII),Spear,3,https://ffrkstrategy.gamematome.jp/game/951/wiki/Equipment_Rarity 3_Storm Spear (XII),20,,89,,,,,47,,89,,,,,119,,89,,,,
Obelisk (XII),Spear,3,https://ffrkstrategy.gamematome.jp/game/951/wiki/Equipment_Rarity 3_Obelisk (XII),23,,89,,,,,54,,89,,,,,136,,89,,,,
Halberd (XII),Spear,3,https://ffrkstrategy.gamematome.jp/game/951/wiki/Equipment_Rarity 3_Halberd (XII),21,,89,,,,,51,,89,,,,,130,,89,,,,
Diamond Knuckle (VII),Fist,3,https://ffrkstrategy.gamematome.jp/game/951/wiki/Equipment_Rarity 3_Diamond Knuckle (VII),19,,89,,,,,46,,89,,,,,118,,89,,,,
Wyvern Claws (III),Fist,3,https://ffrkstrategy.gamematome.jp/game/951/wiki/Equipment_Rarity 3_Wyvern Claws (III),21,,89,,,,,49,,89,,,,,123,,89,,,,
Tiger Claws (III),Fist,3,https://ffrkstrategy.gamematome.jp/game/951/wiki/Equipment_Rarity 3_Tiger Claws (III),20,,89,,,,,48,,89,,,,,122,,89,,,,
Venom Claws (VI),Fist,3,https://ffrkstrategy.gamematome.jp/game/951/wiki/Equipment_Rarity 3_Venom Claws (VI),19,,89,,,,,45,,89,,,,,114,,89,,,,
Flame Rod (V),Rod,3,https://ffrkstrategy.gamematome.jp/game/951/wiki/Equipment_Rarity 3_Flame Rod (V),6,19,89,,,,10,15,48,89,,,,24,39,125,89,,,,61
Thunder Rod (V),Rod,3,https://ffrkstrategy.gamematome.jp/game/951/wiki/Equipment_Rarity 3_Thunder Rod (V),6,19,89,,,,10,15,48,89,,,,24,39,125,89,,,,61
Gaia Rod (XII),Rod,3,https://ffrkstrategy.gamematome.jp/game/951/wiki/Equipment_Rarity 3_Gaia Rod (XII),7,21,89,,,,11,16,51,89,,,,26,40,130,89,,,,66
Power Rod (XII),Rod,3,https://ffrkstrategy.gamematome.jp/game/951/wiki/Equipment_Rarity 3_Power Rod (XII),7,21,89,,,,11,16,51,89,,,,26,40,130,89,,,,66
Poison Rod (VI),Rod,3,https://ffrkstrategy.gamematome.jp/game/951/wiki/Equipment_Rarity 3_Poison Rod (VI),6,19,89,,,,10,15,47,89,,,,24,39,121,89,,,,61
Punisher (VI),Rod,3,https://ffrkstrategy.gamematome.jp/game/951/wiki/Equipment_Rarity 3_Punisher (VI),10,20,89,,,,11,20,50,89,,,,26,47,129,89,,,,66
Lilith Rod (IV),Rod,3,https://ffrkstrategy.gamematome.jp/game/951/wiki/Equipment_Rarity 3_Lilith Rod (IV),7,23,89,,,,12,17,54,89,,,,27,44,136,89,,,,67
Ice Rod (IV),Rod,3,https://ffrkstrategy.gamematome.jp/game/951/wiki/Equipment_Rarity 3_Ice Rod (IV),6,19,89,,,,10,15,48,89,,,,24,39,125,89,,,,61
Bronze Mace (XII),Rod,3,https://ffrkstrategy.gamematome.jp/game/951/wiki/Equipment_Rarity 3_Bronze Mace (XII),7,21,89,,,,11,15,50,89,,,,25,37,127,89,,,,62
Stardust Rod (IX),Rod,3,https://ffrkstrategy.gamematome.jp/game/951/wiki/Equipment_Rarity 3_Stardust Rod (IX),7,23,89,,,,19,17,54,89,,,,35,44,136,89,,,,78
Flail (VIII),Rod,3,https://ffrkstrategy.gamematome.jp/game/951/wiki/Equipment_Rarity 3_Flail (VIII),13,18,89,,,,9,23,46,89,,,,23,50,120,89,,,,60
Golem Staff (III),Staff,3,https://ffrkstrategy.gamematome.jp/game/951/wiki/Equipment_Rarity 3_Golem Staff (III),10,11,89,,,,20,18,25,89,,,,49,40,62,89,,,,126
Diamond Mace (II),Staff,3,https://ffrkstrategy.gamematome.jp/game/951/wiki/Equipment_Rarity 3_Diamond Mace (II),7,11,89,,,,21,15,25,89,,,,50,37,62,89,,,,127
Wizard's Staff (XII),Staff,3,https://ffrkstrategy.gamematome.jp/game/951/wiki/Equipment_Rarity 3_Wizard's Staff (XII),7,11,89,,,,22,16,26,89,,,,52,40,66,89,,,,131
Golden Staff (XII),Staff,3,https://ffrkstrategy.gamematome.jp/game/951/wiki/Equipment_Rarity 3_Golden Staff (XII),7,12,89,,,,23,17,27,89,,,,54,44,67,89,,,,136
Storm Staff (XII),Staff,3,https://ffrkstrategy.gamematome.jp/game/951/wiki/Equipment_Rarity 3_Storm Staff (XII),6,10,89,,,,20,15,24,89,,,,48,39,61,89,,,,122
Glacial Staff (XII),Staff,3,https://ffrkstrategy.gamematome.jp/game/951/wiki/Equipment_Rarity 3_Glacial Staff (XII),6,10,89,,,,20,15,24,89,,,,48,39,61,89,,,,122
Flame Staff (XII),Staff,3,https://ffrkstrategy.gamematome.jp/game/951/wiki/Equipment_Rarity 3_Flame Staff (XII),6,10,89,,,,20,15,24,89,,,,48,39,61,89,,,,122
Aura Staff (IV),Staff,3,https://ffrkstrategy.gamematome.jp/game/951/wiki/Equipment_Rarity 3_Aura Staff (IV),7,11,89,,,,21,15,25,89,,,,50,37,62,89,,,,127
Rune Staff (IV),Staff,3,https://ffrkstrategy.gamematome.jp/game/951/wiki/Equipment_Rarity 3_Rune Staff (IV),7,14,89,,,,22,16,30,89,,,,53,40,73,89,,,,135
Cypress Pole (XII),Staff,3,https://ffrkstrategy.gamematome.jp/game/951/wiki/Equipment_Rarity 3_Cypress Pole (XII),10,11,89,,,,22,19,27,89,,,,53,43,70,89,,,,135
Dark Bow (V),Bow,3,https://ffrkstrategy.gamematome.jp/game/951/wiki/Equipment_Rarity 3_Dark Bow (V),16,6,89,,,,6,39,15,89,,,,15,100,39,89,,,,39
Elven Bow (V),Bow,3,https://ffrkstrategy.gamematome.jp/game/951/wiki/Equipment_Rarity 3_Elven Bow (V),17,7,89,,,,7,41,16,89,,,,16,105,40,89,,,,40
Aevis Killer (XII),Bow,3,https://ffrkstrategy.gamematome.jp/game/951/wiki/Equipment_Rarity 3_Aevis Killer (XII),18,7,89,,,,7,43,16,89,,,,16,109,40,89,,,,40
Silver Harp (V),Instrument,3,https://ffrkstrategy.gamematome.jp/game/951/wiki/Equipment_Rarity 3_Silver Harp (V),13,9,89,,,,9,30,20,89,,,,20,75,49,89,,,,49
Blitz Whip (IV),Whip,3,https://ffrkstrategy.gamematome.jp/game/951/wiki/Equipment_Rarity 3_Blitz Whip (IV),13,19,89,,,,,30,45,89,,,,,75,114,89,,,,
Shuriken (III),Thrown,3,https://ffrkstrategy.gamematome.jp/game/951/wiki/Equipment_Rarity 3_Shuriken (III),17,,89,,,,,40,,89,,,,,101,,89,,,,
Quicksilver (VII),Gun,3,https://ffrkstrategy.gamematome.jp/game/951/wiki/Equipment_Rarity 3_Quicksilver (VII),18,,89,,,,,45,,89,,,,,117,,89,,,,
Mythril Clip (VII),Hairpin,3,https://ffrkstrategy.gamematome.jp/game/951/wiki/Equipment_Rarity 3_Mythril Clip (VII),13,19,89,,,,,30,45,89,,,,,75,114,89,,,,
Golden Shield (V),Shield,3,https://ffrkstrategy.gamematome.jp/game/951/wiki/Equipment_Rarity 3_Golden Shield (V),,,,17,11,102,,,,,41,26,102,,,,,105,66,102,
Diamond Shield (V),Shield,3,https://ffrkstrategy.gamematome.jp/game/951/wiki/Equipment_Rarity 3_Diamond Shield (V),,,,18,12,102,,,,,44,27,102,,,,,113,67,102,
Shell Shield (XII),Shield,3,https://ffrkstrategy.gamematome.jp/game/951/wiki/Equipment_Rarity 3_Shell Shield (XII),,,,16,13,102,,,,,40,29,102,,,,,104,72,102,
Flame Shield (IV),Shield,3,https://ffrkstrategy.gamematome.jp/game/951/wiki/Equipment_Rarity 3_Flame Shield (IV),,,,16,10,102,,,,,39,24,102,,,,,100,61,102,
Ice Shield (IV),Shield,3,https://ffrkstrategy.gamematome.jp/game/951/wiki/Equipment_Rarity 3_Ice Shield (IV),,,,16,10,102,,,,,39,24,102,,,,,100,61,102,
Aegis Shield (IV),Shield,3,https://ffrkstrategy.gamematome.jp/game/951/wiki/Equipment_Rarity 3_Aegis Shield (IV),,,,13,15,102,,,,,36,35,102,,,,,97,88,102,
Gold Hairpin (V),Hat,3,https://ffrkstrategy.gamematome.jp/game/951/wiki/Equipment_Rarity 3_Gold Hairpin (V),,7,,12,22,99,5,,15,,26,51,99,11,,37,,63,128,99,27
Lamia's Tiara (V),Hat,3,https://ffrkstrategy.gamematome.jp/game/951/wiki/Equipment_Rarity 3_Lamia's Tiara (V),,6,,11,21,99,5,,12,,26,52,99,11,,28,,66,134,99,27
Circlet (V),Hat,3,https://ffrkstrategy.gamematome.jp/game/951/wiki/Equipment_Rarity 3_Circlet (V),,5,,13,21,99,5,,11,,26,51,99,11,,27,,61,130,99,27
Red Cap (VI),Hat,3,https://ffrkstrategy.gamematome.jp/game/951/wiki/Equipment_Rarity 3_Red Cap (VI),3,5,,12,23,99,5,3,11,,28,54,99,11,3,27,,71,136,99,27
Black Cowl (IV),Hat,3,https://ffrkstrategy.gamematome.jp/game/951/wiki/Equipment_Rarity 3_Black Cowl (IV),,5,,12,23,99,5,,11,,27,54,99,11,,27,,67,136,99,27
Dragon Helm (III),Helm,3,https://ffrkstrategy.gamematome.jp/game/951/wiki/Equipment_Rarity 3_Dragon Helm (III),3,,,20,18,99,,6,,,48,43,99,,14,,,122,109,99,
Viking Helm (III),Helm,3,https://ffrkstrategy.gamematome.jp/game/951/wiki/Equipment_Rarity 3_Viking Helm (III),3,,,19,17,99,,6,,,46,41,99,,14,,,118,105,99,
Ice Helm (III),Helm,3,https://ffrkstrategy.gamematome.jp/game/951/wiki/Equipment_Rarity 3_Ice Helm (III),2,,,18,16,99,,5,,,38,39,99,,13,,,91,100,99,
Golden Helm (VI),Helm,3,https://ffrkstrategy.gamematome.jp/game/951/wiki/Equipment_Rarity 3_Golden Helm (VI),3,,,19,17,99,,6,,,46,41,99,,14,,,118,105,99,
Diamond Helm (VI),Helm,3,https://ffrkstrategy.gamematome.jp/game/951/wiki/Equipment_Rarity 3_Diamond Helm (VI),3,,,21,19,99,,6,,,51,45,99,,14,,,130,114,99,
Mirage Vest (V),Light Armor,3,https://ffrkstrategy.gamematome.jp/game/951/wiki/Equipment_Rarity 3_Mirage Vest (V),,,,19,19,109,,,,,45,45,109,,,,,114,114,109,
Black Belt Gi (III),Light Armor,3,https://ffrkstrategy.gamematome.jp/game/951/wiki/Equipment_Rarity 3_Black Belt Gi (III),5,,,20,20,99,,5,,,47,47,99,,5,,,119,119,99,
Diamond Vest (VI),Light Armor,3,https://ffrkstrategy.gamematome.jp/game/951/wiki/Equipment_Rarity 3_Diamond Vest (VI),,,,20,20,99,,,,,48,48,99,,,,,122,122,99,
Knight Armor (III),Armor,3,https://ffrkstrategy.gamematome.jp/game/951/wiki/Equipment_Rarity 3_Knight Armor (III),,,,25,11,99,,,,,61,26,99,,,,,156,66,99,
Demon Mail (III),Armor,3,https://ffrkstrategy.gamematome.jp/game/951/wiki/Equipment_Rarity 3_Demon Mail (III),,,,25,11,99,,,,,59,25,99,,,,,149,62,99,
Golden Armor (VI),Armor,3,https://ffrkstrategy.gamematome.jp/game/951/wiki/Equipment_Rarity 3_Golden Armor (VI),,,,27,11,99,,,,,63,26,99,,,,,158,66,99,
Flame Mail (IV),Armor,3,https://ffrkstrategy.gamematome.jp/game/951/wiki/Equipment_Rarity 3_Flame Mail (IV),,,,24,10,99,,,,,58,24,99,,,,,148,61,99,
Ice Armor (IV),Armor,3,https://ffrkstrategy.gamematome.jp/game/951/wiki/Equipment_Rarity 3_Ice Armor (IV),,,,24,10,99,,,,,58,24,99,,,,,148,61,99,
Mythril Vest (VI),Armor,3,https://ffrkstrategy.gamematome.jp/game/951/wiki/Equipment_Rarity 3_Mythril Vest (VI),,,,24,10,99,,,,,58,24,99,,,,,148,61,99,
Mythril Mail (VI),Armor,3,https://ffrkstrategy.gamematome.jp/game/951/wiki/Equipment_Rarity 3_Mythril Mail (VI),,,,25,11,99,,,,,59,25,99,,,,,149,62,99,
Luminous Robe (V),Robe,3,https://ffrkstrategy.gamematome.jp/game/951/wiki/Equipment_Rarity 3_Luminous Robe (V),,4,,15,25,99,,,4,,35,60,99,,,4,,88,153,99,
White Dress (VI),Robe,3,https://ffrkstrategy.gamematome.jp/game/951/wiki/Equipment_Rarity 3_White Dress (VI),,,,15,26,99,,,,,37,63,99,,,,,95,161,99,
Magus Robe (VI),Robe,3,https://ffrkstrategy.gamematome.jp/game/951/wiki/Equipment_Rarity 3_Magus Robe (VI),,,,16,27,99,,,,,38,65,99,,,,,96,165,99,
Sage's Surplice (IV),Robe,3,https://ffrkstrategy.gamematome.jp/game/951/wiki/Equipment_Rarity 3_Sage's Surplice (IV),,,,16,27,99,4,,,,38,65,99,4,,,,96,165,99,4
Shepherd's Bolero (XII),Robe,3,https://ffrkstrategy.gamematome.jp/game/951/wiki/Equipment_Rarity 3_Shepherd's Bolero (XII),,4,,17,28,99,,,4,,39,66,99,,,4,,97,166,99,
Magician Robe (IX),Robe,3,https://ffrkstrategy.gamematome.jp/game/951/wiki/Equipment_Rarity 3_Magician Robe (IX),,3,,17,27,99,,,3,,39,65,99,,,3,,97,165,99,
Silver Armlet (VII),Bracer,3,https://ffrkstrategy.gamematome.jp/game/951/wiki/Equipment_Rarity 3_Silver Armlet (VII),4,4,,10,14,99,4,10,10,,24,34,99,10,26,26,,61,87,99,26
Diamond Bangle (VII),Bracer,3,https://ffrkstrategy.gamematome.jp/game/951/wiki/Equipment_Rarity 3_Diamond Bangle (VII),5,5,,11,15,99,5,10,10,,25,35,99,10,24,24,,62,88,99,24
Rune Armlet (VII),Bracer,3,https://ffrkstrategy.gamematome.jp/game/951/wiki/Equipment_Rarity 3_Rune Armlet (VII),5,7,,11,13,99,5,10,13,,25,30,99,10,24,29,,62,75,99,24
Shinra Beta (VII),Bracer,3,https://ffrkstrategy.gamematome.jp/game/951/wiki/Equipment_Rarity 3_Shinra Beta (VII),5,5,,11,13,99,5,11,11,,26,31,99,11,27,27,,66,79,99,27
Star Pendant (VII),Accessory,3,https://ffrkstrategy.gamematome.jp/game/951/wiki/Equipment_Rarity 3_Star Pendant (VII),,,,,,,,,,,,,,,,,,,,,
Silver Glasses (VII),Accessory,3,https://ffrkstrategy.gamematome.jp/game/951/wiki/Equipment_Rarity 3_Silver Glasses (VII),,,,,,,,,,,,,,,,,,,,,
Protect Ring (VII),Accessory,3,https://ffrkstrategy.gamematome.jp/game/951/wiki/Equipment_Rarity 3_Protect Ring (VII),,,,,,,,,,,,,,,,,,,,,
Peace Ring (VII),Accessory,3,https://ffrkstrategy.gamematome.jp/game/951/wiki/Equipment_Rarity 3_Peace Ring (VII),,,,,,,,,,,,,,,,,,,,,
Barrier Ring (VI),Accessory,3,https://ffrkstrategy.gamematome.jp/game/951/wiki/Equipment_Rarity 3_Barrier Ring (VI),,,,,,,,,,,,,,,,,,,,,
Jeweled Ring (VI),Accessory,3,https://ffrkstrategy.gamematome.jp/game/951/wiki/Equipment_Rarity 3_Jeweled Ring (VI),,,,,,,,,,,,,,,,,,,,,
Angel Wings (VI),Accessory,3,https://ffrkstrategy.gamematome.jp/game/951/wiki/Equipment_Rarity 3_Angel Wings (VI),,,,,,,,,,,,,,,,,,,,,
Hyper Wrist (VI),Accessory,3,https://ffrkstrategy.gamematome.jp/game/951/wiki/Equipment_Rarity 3_Hyper Wrist (VI),,,,,,,,,,,,,,,,,,,,,
Hero's Ring (VI),Accessory,3,https://ffrkstrategy.gamematome.jp/game/951/wiki/Equipment_Rarity 3_Hero's Ring (VI),,,,,,,,,,,,,,,,,,,,,
Angel Ring (V),Accessory,3,https://ffrkstrategy.gamematome.jp/game/951/wiki/Equipment_Rarity 3_Angel Ring (V),,,,,,,,,,,,,,,,,,,,,
Elven Mantle (V),Accessory,3,https://ffrkstrategy.gamematome.jp/game/951/wiki/Equipment_Rarity 3_Elven Mantle (V),,,,,,,,,,,,,,,,,,,,,
Durable Power Wristband (XIII),Accessory,3,https://ffrkstrategy.gamematome.jp/game/951/wiki/Equipment_Rarity 3_Durable Power Wristband (XIII),,,,,,,,,,,,,,,,,,,,,
Power Belt (IX),Accessory,3,https://ffrkstrategy.gamematome.jp/game/951/wiki/Equipment_Rarity 3_Power Belt (IX),,,,,,,,,,,,,,,,,,,,,
Sash (XII),Accessory,3,https://ffrkstrategy.gamematome.jp/game/951/wiki/Equipment_Rarity 3_Sash (XII),,,,,,,,,,,,,,,,,,,,,
Power Vest (VIII),Accessory,3,https://ffrkstrategy.gamematome.jp/game/951/wiki/Equipment_Rarity 3_Power Vest (VIII),,,,,,,,,,,,,,,,,,,,,
Mythril Knife (II),Dagger,2,https://ffrkstrategy.gamematome.jp/game/951/wiki/Equipment_Rarity 2_Mythril Knife (II),11,,86,,,,,33,,86,,,,,96,,86,,,,
Kodachi (V),Dagger,2,https://ffrkstrategy.gamematome.jp/game/951/wiki/Equipment_Rarity 2_Kodachi (V),11,,86,,,2,,31,,86,,,2,,89,,86,,,2,
Chopper (XII),Dagger,2,https://ffrkstrategy.gamematome.jp/game/951/wiki/Equipment_Rarity 2_Chopper (XII),11,,86,,,,,32,,86,,,,,92,,86,,,,
Mythril Dagger (IX),Dagger,2,https://ffrkstrategy.gamematome.jp/game/951/wiki/Equipment_Rarity 2_Mythril Dagger (IX),11,,86,,,,,33,,86,,,,,96,,86,,,,
Mage Masher (XII),Dagger,2,https://ffrkstrategy.gamematome.jp/game/951/wiki/Equipment_Rarity 2_Mage Masher (XII),11,,86,,,,,33,,86,,,,,96,,86,,,,
Iron Sword (XII),Sword,2,https://ffrkstrategy.gamematome.jp/game/951/wiki/Equipment_Rarity 2_Iron Sword (XII),12,,86,,,,,35,,86,,,,,101,,86,,,,
Mythril Sword (IV),Sword,2,https://ffrkstrategy.gamematome.jp/game/951/wiki/Equipment_Rarity 2_Mythril Sword (IV),12,,86,,,,,36,,86,,,,,105,,86,,,,
Coral Sword (V),Sword,2,https://ffrkstrategy.gamematome.jp/game/951/wiki/Equipment_Rarity 2_Coral Sword (V),12,,86,,,,,36,,86,,,,,105,,86,,,,
Mythril Blade (XII),Sword,2,https://ffrkstrategy.gamematome.jp/game/951/wiki/Equipment_Rarity 2_Mythril Blade (XII),13,,86,,,,,37,,86,,,,,106,,86,,,,
Greatsword (VI),Sword,2,https://ffrkstrategy.gamematome.jp/game/951/wiki/Equipment_Rarity 2_Greatsword (VI),14,,86,,,,,40,,86,,,,,115,,86,,,,
Zwill Blade (XII),Sword,2,https://ffrkstrategy.gamematome.jp/game/951/wiki/Equipment_Rarity 2_Zwill Blade (XII),12,,86,,,,,36,,86,,,,,105,,86,,,,
Galbadian Blade (VIII),Sword,2,https://ffrkstrategy.gamematome.jp/game/951/wiki/Equipment_Rarity 2_Galbadian Blade (VIII),12,,86,,,,,36,,86,,,,,105,,86,,,,
Kazekiri (V),Katana,2,https://ffrkstrategy.gamematome.jp/game/951/wiki/Equipment_Rarity 2_Kazekiri (V),11,,86,,,,,33,,86,,,,,96,,86,,,,
Ashura (IV),Katana,2,https://ffrkstrategy.gamematome.jp/game/951/wiki/Equipment_Rarity 2_Ashura (IV),11,,86,,,,,33,,86,,,,,96,,86,,,,
Slasher (XII),Axe,2,https://ffrkstrategy.gamematome.jp/game/951/wiki/Equipment_Rarity 2_Slasher (XII),13,,86,,,,,38,,86,,,,,110,,86,,,,
Ogrekiller (IV),Axe,2,https://ffrkstrategy.gamematome.jp/game/951/wiki/Equipment_Rarity 2_Ogrekiller (IV),14,,86,,,,,40,,86,,,,,115,,86,,,,
Mythril Hammer (IV),Hammer,2,https://ffrkstrategy.gamematome.jp/game/951/wiki/Equipment_Rarity 2_Mythril Hammer (IV),12,,86,,,,,36,,86,,,,,105,,86,,,,
War Hammer (V),Hammer,2,https://ffrkstrategy.gamematome.jp/game/951/wiki/Equipment_Rarity 2_War Hammer (V),12,,86,,,,,36,,86,,,,,105,,86,,,,
Partisan (XII),Spear,2,https://ffrkstrategy.gamematome.jp/game/951/wiki/Equipment_Rarity 2_Partisan (XII),14,,86,,,,,36,,86,,,,,99,,86,,,,
Heavy Lance (XII),Spear,2,https://ffrkstrategy.gamematome.jp/game/951/wiki/Equipment_Rarity 2_Heavy Lance (XII),12,,86,,,,,35,,86,,,,,101,,86,,,,
Mythril Spear (VI),Spear,2,https://ffrkstrategy.gamematome.jp/game/951/wiki/Equipment_Rarity 2_Mythril Spear (VI),12,,86,,,,,36,,86,,,,,105,,86,,,,
Metal Knuckles (VI),Fist,2,https://ffrkstrategy.gamematome.jp/game/951/wiki/Equipment_Rarity 2_Metal Knuckles (VI),11,,86,,,,,31,,86,,,,,89,,86,,,,
Sonic Knuckles (III),Fist,2,https://ffrkstrategy.gamematome.jp/game/951/wiki/Equipment_Rarity 2_Sonic Knuckles (III),11,,86,,,,,33,,86,,,,,96,,86,,,,
Mythril Claws (VI),Fist,2,https://ffrkstrategy.gamematome.jp/game/951/wiki/Equipment_Rarity 2_Mythril Claws (VI),11,,86,,,,,32,,86,,,,,92,,86,,,,
Mythril Claw (VII),Fist,2,https://ffrkstrategy.gamematome.jp/game/951/wiki/Equipment_Rarity 2_Mythril Claw (VII),11,,86,,,,,34,,86,,,,,100,,86,,,,
Mythril Rod (VI),Rod,2,https://ffrkstrategy.gamematome.jp/game/951/wiki/Equipment_Rarity 2_Mythril Rod (VI),4,12,86,,,,6,11,35,86,,,,18,31,101,86,,,,53
Serpent Rod (XII),Rod,2,https://ffrkstrategy.gamematome.jp/game/951/wiki/Equipment_Rarity 2_Serpent Rod (XII),4,13,86,,,,6,11,36,86,,,,18,31,102,86,,,,53
Healing Rod (XII),Rod,2,https://ffrkstrategy.gamematome.jp/game/951/wiki/Equipment_Rarity 2_Healing Rod (XII),4,13,86,,,,7,12,39,86,,,,20,35,114,86,,,,58
Mythril Rod (VII),Rod,2,https://ffrkstrategy.gamematome.jp/game/951/wiki/Equipment_Rarity 2_Mythril Rod (VII),4,12,86,,,,6,11,36,86,,,,18,31,105,86,,,,53
Mage's Staff (II),Staff,2,https://ffrkstrategy.gamematome.jp/game/951/wiki/Equipment_Rarity 2_Mage's Staff (II),4,6,86,,,,12,11,18,86,,,,35,31,53,86,,,,101
Mythril Staff (IV),Staff,2,https://ffrkstrategy.gamematome.jp/game/951/wiki/Equipment_Rarity 2_Mythril Staff (IV),4,6,86,,,,12,11,18,86,,,,36,31,53,86,,,,105
Power Staff (IV),Staff,2,https://ffrkstrategy.gamematome.jp/game/951/wiki/Equipment_Rarity 2_Power Staff (IV),4,7,86,,,,13,12,19,86,,,,37,35,54,86,,,,106
Oaken Pole (XII),Staff,2,https://ffrkstrategy.gamematome.jp/game/951/wiki/Equipment_Rarity 2_Oaken Pole (XII),8,6,86,,,,12,14,18,86,,,,36,32,53,86,,,,105
Mythril Mace (II),Staff,2,https://ffrkstrategy.gamematome.jp/game/951/wiki/Equipment_Rarity 2_Mythril Mace (II),4,6,86,,,,12,11,18,86,,,,36,31,53,86,,,,105
Flame Bow (V),Bow,2,https://ffrkstrategy.gamematome.jp/game/951/wiki/Equipment_Rarity 2_Flame Bow (V),10,5,86,,,,4,28,11,86,,,,11,80,29,86,,,,31
Frost Bow (V),Bow,2,https://ffrkstrategy.gamematome.jp/game/951/wiki/Equipment_Rarity 2_Frost Bow (V),10,5,86,,,,4,28,11,86,,,,11,80,29,86,,,,31
Thunder Bow (V),Bow,2,https://ffrkstrategy.gamematome.jp/game/951/wiki/Equipment_Rarity 2_Thunder Bow (V),10,5,86,,,,4,28,11,86,,,,11,80,29,86,,,,31
Bowgun (XII),Bow,2,https://ffrkstrategy.gamematome.jp/game/951/wiki/Equipment_Rarity 2_Bowgun (XII),10,4,86,,,,4,29,11,86,,,,11,84,31,86,,,,31
Crossbow (XII),Bow,2,https://ffrkstrategy.gamematome.jp/game/951/wiki/Equipment_Rarity 2_Crossbow (XII),10,4,86,,,,4,29,11,86,,,,11,84,31,86,,,,31
Whip (IV),Whip,2,https://ffrkstrategy.gamematome.jp/game/951/wiki/Equipment_Rarity 2_Whip (IV),7,11,86,,,,,21,32,86,,,,,61,92,86,,,,
Chakram (III),Thrown,2,https://ffrkstrategy.gamematome.jp/game/951/wiki/Equipment_Rarity 2_Chakram (III),10,,86,,,,,28,,86,,,,,80,,86,,,,
Altair (XII),Gun,2,https://ffrkstrategy.gamematome.jp/game/951/wiki/Equipment_Rarity 2_Altair (XII),12,,89,,,,,31,,89,,,,,86,,89,,,,
Iron Shield (IV),Shield,2,https://ffrkstrategy.gamematome.jp/game/951/wiki/Equipment_Rarity 2_Iron Shield (IV),,,,10,6,99,,,,,28,18,99,,,,,80,53,99,
Mythril Shield (IV),Shield,2,https://ffrkstrategy.gamematome.jp/game/951/wiki/Equipment_Rarity 2_Mythril Shield (IV),,,,10,6,99,,,,,29,18,99,,,,,84,53,99,
Heavy Shield (VI),Shield,2,https://ffrkstrategy.gamematome.jp/game/951/wiki/Equipment_Rarity 2_Heavy Shield (VI),,,,10,6,99,,,,,29,18,99,,,,,84,53,99,
Green Beret (IV),Hat,2,https://ffrkstrategy.gamematome.jp/game/951/wiki/Equipment_Rarity 2_Green Beret (IV),,3,,7,13,96,3,,8,,20,39,96,8,,23,,58,114,96,23
Sage's Miter (IV),Hat,2,https://ffrkstrategy.gamematome.jp/game/951/wiki/Equipment_Rarity 2_Sage's Miter (IV),,3,,6,12,96,6,,8,,18,36,96,12,,23,,53,105,96,30
Beret (VI),Hat,2,https://ffrkstrategy.gamematome.jp/game/951/wiki/Equipment_Rarity 2_Beret (VI),,3,,7,13,96,3,,8,,19,37,96,8,,23,,54,106,96,23
Crusader Mask (X),Hat,2,https://ffrkstrategy.gamematome.jp/game/951/wiki/Equipment_Rarity 2_Crusader Mask (X),,3,,8,12,96,3,,8,,23,38,96,8,,23,,66,113,96,23
Galbadian Helmet (VIII),Hat,2,https://ffrkstrategy.gamematome.jp/game/951/wiki/Equipment_Rarity 2_Galbadian Helmet (VIII),,3,,7,12,96,5,,8,,19,36,96,11,,23,,54,105,96,29
Iron Helm (IV),Helm,2,https://ffrkstrategy.gamematome.jp/game/951/wiki/Equipment_Rarity 2_Iron Helm (IV),2,,,11,10,96,,4,,,31,28,96,,10,,,89,80,96,
Shell Helm (III),Helm,2,https://ffrkstrategy.gamematome.jp/game/951/wiki/Equipment_Rarity 2_Shell Helm (III),2,,,11,10,96,,4,,,32,29,96,,10,,,92,84,96,
Flame Helm (II),Helm,2,https://ffrkstrategy.gamematome.jp/game/951/wiki/Equipment_Rarity 2_Flame Helm (II),2,,,11,11,96,,4,,,28,28,96,,10,,,77,77,96,
Giant's Helm (II),Helm,2,https://ffrkstrategy.gamematome.jp/game/951/wiki/Equipment_Rarity 2_Giant's Helm (II),4,,,14,10,96,,7,,,33,29,96,,16,,,88,84,96,
Mythril Helm (IV),Helm,2,https://ffrkstrategy.gamematome.jp/game/951/wiki/Equipment_Rarity 2_Mythril Helm (IV),2,,,11,10,96,,4,,,32,29,96,,10,,,92,84,96,
Protect Vest (VII),Light Armor,2,https://ffrkstrategy.gamematome.jp/game/951/wiki/Equipment_Rarity 2_Protect Vest (VII),,,,14,10,96,,,,,32,31,96,,,,,84,91,96,
Ninja Gear (VI),Light Armor,2,https://ffrkstrategy.gamematome.jp/game/951/wiki/Equipment_Rarity 2_Ninja Gear (VI),,,,12,11,96,,,,,35,33,96,,,,,101,96,96,
Kenpo Gi (IV),Light Armor,2,https://ffrkstrategy.gamematome.jp/game/951/wiki/Equipment_Rarity 2_Kenpo Gi (IV),3,,,12,12,96,,3,,,35,35,96,,3,,,101,101,96,
Power Sash (IV),Light Armor,2,https://ffrkstrategy.gamematome.jp/game/951/wiki/Equipment_Rarity 2_Power Sash (IV),5,,,9,11,96,,5,,,30,31,96,,5,,,90,89,96,
Crusader Cuirass (X),Light Armor,2,https://ffrkstrategy.gamematome.jp/game/951/wiki/Equipment_Rarity 2_Crusader Cuirass (X),3,,,10,11,96,,3,,,31,31,96,,3,,,91,89,96,
Iron Armor (IV),Armor,2,https://ffrkstrategy.gamematome.jp/game/951/wiki/Equipment_Rarity 2_Iron Armor (IV),,,,15,6,96,,,,,44,18,96,,,,,127,53,96,
Bone Mail (V),Armor,2,https://ffrkstrategy.gamematome.jp/game/951/wiki/Equipment_Rarity 2_Bone Mail (V),,,,13,6,96,,,,,42,18,96,,,,,125,53,96,
Mythril Armor (IV),Armor,2,https://ffrkstrategy.gamematome.jp/game/951/wiki/Equipment_Rarity 2_Mythril Armor (IV),,,,15,6,96,,,,,43,18,96,,,,,123,53,96,
Galbadian Armor (VIII),Armor,2,https://ffrkstrategy.gamematome.jp/game/951/wiki/Equipment_Rarity 2_Galbadian Armor (VIII),,,,15,6,96,,,,,44,18,96,,,,,127,53,96,
Scholar Robe (III),Robe,2,https://ffrkstrategy.gamematome.jp/game/951/wiki/Equipment_Rarity 2_Scholar Robe (III),,,,8,14,96,,,,,25,42,96,,,,,74,122,96,
Bard's Tunic (IV),Robe,2,https://ffrkstrategy.gamematome.jp/game/951/wiki/Equipment_Rarity 2_Bard's Tunic (IV),,2,,9,15,96,,,2,,25,43,96,,,2,,71,123,96,
Gaia Gear (IV),Robe,2,https://ffrkstrategy.gamematome.jp/game/951/wiki/Equipment_Rarity 2_Gaia Gear (IV),,3,,9,15,96,,,3,,25,43,96,,,3,,71,123,96,
Mythril Armlet (VII),Bracer,2,https://ffrkstrategy.gamematome.jp/game/951/wiki/Equipment_Rarity 2_Mythril Armlet (VII),3,3,,6,9,96,3,8,8,,18,25,96,8,23,23,,53,71,96,23
Carbon Bangle (VII),Bracer,2,https://ffrkstrategy.gamematome.jp/game/951/wiki/Equipment_Rarity 2_Carbon Bangle (VII),3,3,,6,9,96,3,8,8,,18,26,96,8,23,23,,53,75,96,23
Earring (VII),Accessory,2,https://ffrkstrategy.gamematome.jp/game/951/wiki/Equipment_Rarity 2_Earring (VII),,,,,,,,,,,,,,,,,,,,,
Talisman (VII),Accessory,2,https://ffrkstrategy.gamematome.jp/game/951/wiki/Equipment_Rarity 2_Talisman (VII),,,,,,,,,,,,,,,,,,,,,
Choco Feather (VII),Accessory,2,https://ffrkstrategy.gamematome.jp/game/951/wiki/Equipment_Rarity 2_Choco Feather (VII),,,,,,,,,,,,,,,,,,,,,
Knife (II),Dagger,1,https://ffrkstrategy.gamematome.jp/game/951/wiki/Equipment_Rarity 1_Knife (II),4,,83,,,,,19,,83,,,,,69,,83,,,,
Dagger (IX),Dagger,1,https://ffrkstrategy.gamematome.jp/game/951/wiki/Equipment_Rarity 1_Dagger (IX),4,,83,,,,,20,,83,,,,,74,,83,,,,
Kunai (IV),Dagger,1,https://ffrkstrategy.gamematome.jp/game/951/wiki/Equipment_Rarity 1_Kunai (IV),5,,83,,,,,21,,83,,,,,75,,83,,,,
Dagger (XII),Dagger,1,https://ffrkstrategy.gamematome.jp/game/951/wiki/Equipment_Rarity 1_Dagger (XII),4,,83,,,,,20,,83,,,,,74,,83,,,,
Broadsword (V),Sword,1,https://ffrkstrategy.gamematome.jp/game/951/wiki/Equipment_Rarity 1_Broadsword (V),4,,83,,,,,21,,83,,,,,78,,83,,,,
Longsword (XII),Sword,1,https://ffrkstrategy.gamematome.jp/game/951/wiki/Equipment_Rarity 1_Longsword (XII),5,,83,,,,,23,,83,,,,,83,,83,,,,
Battle Axe (V),Axe,1,https://ffrkstrategy.gamematome.jp/game/951/wiki/Equipment_Rarity 1_Battle Axe (V),6,,83,,,,,27,,83,,,,,97,,83,,,,
Handaxe (XII),Axe,1,https://ffrkstrategy.gamematome.jp/game/951/wiki/Equipment_Rarity 1_Handaxe (XII),4,,83,,,,,23,,83,,,,,87,,83,,,,
Broadaxe (XII),Axe,1,https://ffrkstrategy.gamematome.jp/game/951/wiki/Equipment_Rarity 1_Broadaxe (XII),5,,83,,,,,25,,83,,,,,92,,83,,,,
Hammer (IV),Hammer,1,https://ffrkstrategy.gamematome.jp/game/951/wiki/Equipment_Rarity 1_Hammer (IV),4,,83,,,,,21,,83,,,,,78,,83,,,,
Spear (XII),Spear,1,https://ffrkstrategy.gamematome.jp/game/951/wiki/Equipment_Rarity 1_Spear (XII),4,,83,,,,,21,,83,,,,,78,,83,,,,
Wind Spear (V),Spear,1,https://ffrkstrategy.gamematome.jp/game/951/wiki/Equipment_Rarity 1_Wind Spear (V),5,,83,,,,,22,,83,,,,,79,,83,,,,
Leather Glove (VII),Fist,1,https://ffrkstrategy.gamematome.jp/game/951/wiki/Equipment_Rarity 1_Leather Glove (VII),4,,83,,,,,19,,83,,,,,69,,83,,,,
Cat Claws (III),Fist,1,https://ffrkstrategy.gamematome.jp/game/951/wiki/Equipment_Rarity 1_Cat Claws (III),4,,83,,,,,20,,83,,,,,74,,83,,,,
Bronze Knuckles (III),Fist,1,https://ffrkstrategy.gamematome.jp/game/951/wiki/Equipment_Rarity 1_Bronze Knuckles (III),4,,83,,,,,20,,83,,,,,74,,83,,,,
Rod (IV),Rod,1,https://ffrkstrategy.gamematome.jp/game/951/wiki/Equipment_Rarity 1_Rod (IV),2,4,83,,,,2,7,21,83,,,,11,24,78,83,,,,41
Mace (XII),Rod,1,https://ffrkstrategy.gamematome.jp/game/951/wiki/Equipment_Rarity 1_Mace (XII),2,4,83,,,,2,7,22,83,,,,11,24,82,83,,,,41
Cherry Staff (XII),Staff,1,https://ffrkstrategy.gamematome.jp/game/951/wiki/Equipment_Rarity 1_Cherry Staff (XII),2,2,83,,,,4,7,11,83,,,,22,24,41,83,,,,82
Oak Staff (XII),Staff,1,https://ffrkstrategy.gamematome.jp/game/951/wiki/Equipment_Rarity 1_Oak Staff (XII),2,3,83,,,,5,8,12,83,,,,24,28,42,83,,,,88
Staff (IV),Staff,1,https://ffrkstrategy.gamematome.jp/game/951/wiki/Equipment_Rarity 1_Staff (IV),2,2,83,,,,4,7,11,83,,,,21,24,41,83,,,,78
Silver Bow (V),Bow,1,https://ffrkstrategy.gamematome.jp/game/951/wiki/Equipment_Rarity 1_Silver Bow (V),4,2,83,,,,2,21,8,83,,,,8,78,28,83,,,,28
Shortbow (XII),Bow,1,https://ffrkstrategy.gamematome.jp/game/951/wiki/Equipment_Rarity 1_Shortbow (XII),3,2,83,,,,2,17,7,83,,,,7,64,24,83,,,,24
Longbow (XII),Bow,1,https://ffrkstrategy.gamematome.jp/game/951/wiki/Equipment_Rarity 1_Longbow (XII),4,2,83,,,,2,18,7,83,,,,7,65,24,83,,,,24
Boomerang (VI),Thrown,1,https://ffrkstrategy.gamematome.jp/game/951/wiki/Equipment_Rarity 1_Boomerang (VI),3,,83,,,,,17,,83,,,,,64,,83,,,,
Leather Shield (V),Shield,1,https://ffrkstrategy.gamematome.jp/game/951/wiki/Equipment_Rarity 1_Leather Shield (V),,,,3,2,96,,,,,17,11,96,,,,,64,41,96,
Bronze Shield (V),Shield,1,https://ffrkstrategy.gamematome.jp/game/951/wiki/Equipment_Rarity 1_Bronze Shield (V),,,,4,2,96,,,,,18,12,96,,,,,65,46,96,
Round Shield (XII),Shield,1,https://ffrkstrategy.gamematome.jp/game/951/wiki/Equipment_Rarity 1_Round Shield (XII),,,,4,3,96,,,,,20,13,96,,,,,74,47,96,
Buckler (XII),Shield,1,https://ffrkstrategy.gamematome.jp/game/951/wiki/Equipment_Rarity 1_Buckler (XII),,,,4,2,96,,,,,18,12,96,,,,,65,46,96,
Plumed Hat (V),Hat,1,https://ffrkstrategy.gamematome.jp/game/951/wiki/Equipment_Rarity 1_Plumed Hat (V),,1,,3,5,93,1,,5,,12,24,93,5,,19,,42,88,93,19
Twist Headband (V),Hat,1,https://ffrkstrategy.gamematome.jp/game/951/wiki/Equipment_Rarity 1_Twist Headband (V),2,1,,2,4,93,1,2,5,,11,21,93,5,2,19,,41,78,93,19
Leather Cap (VI),Hat,1,https://ffrkstrategy.gamematome.jp/game/951/wiki/Equipment_Rarity 1_Leather Cap (VI),,1,,2,4,93,1,,5,,2,23,93,5,,19,,2,87,93,19
Hairband (VI),Hat,1,https://ffrkstrategy.gamematome.jp/game/951/wiki/Equipment_Rarity 1_Hairband (VI),,1,,2,5,93,1,,5,,11,22,93,5,,19,,41,79,93,19
Wizard's Hat (IV),Hat,1,https://ffrkstrategy.gamematome.jp/game/951/wiki/Equipment_Rarity 1_Wizard's Hat (IV),,5,,2,4,93,3,,8,,11,22,93,9,,18,,41,82,93,29
Bronze Helm (V),Helm,1,https://ffrkstrategy.gamematome.jp/game/951/wiki/Equipment_Rarity 1_Bronze Helm (V),1,,,4,4,93,,3,,,20,18,93,,10,,,74,65,93,
Bronze Helm (II),Helm,1,https://ffrkstrategy.gamematome.jp/game/951/wiki/Equipment_Rarity 1_Bronze Helm (II),1,,,3,3,93,,3,,,19,17,93,,10,,,73,64,93,
Copper Cuirass (V),Light Armor,1,https://ffrkstrategy.gamematome.jp/game/951/wiki/Equipment_Rarity 1_Copper Cuirass (V),,,,4,3,93,,,,,21,21,93,,,,,78,81,93,
Vest (III),Light Armor,1,https://ffrkstrategy.gamematome.jp/game/951/wiki/Equipment_Rarity 1_Vest (III),,,,3,4,93,,,,,19,18,93,,,,,73,65,93,
Leather Clothing (IV),Light Armor,1,https://ffrkstrategy.gamematome.jp/game/951/wiki/Equipment_Rarity 1_Leather Clothing (IV),,,,4,3,93,,,,,20,19,93,,,,,74,73,93,
Prison Garb (IV),Light Armor,1,https://ffrkstrategy.gamematome.jp/game/951/wiki/Equipment_Rarity 1_Prison Garb (IV),,,,4,4,93,,,,,20,20,93,,,,,74,74,93,
Bronze Armor (V),Armor,1,https://ffrkstrategy.gamematome.jp/game/951/wiki/Equipment_Rarity 1_Bronze Armor (V),,,,6,3,93,,,,,28,12,93,,,,,102,42,93,
Leather Armor (III),Armor,1,https://ffrkstrategy.gamematome.jp/game/951/wiki/Equipment_Rarity 1_Leather Armor (III),,,,5,2,93,,,,,25,11,93,,,,,92,41,93,
Leather Armor (VI),Armor,1,https://ffrkstrategy.gamematome.jp/game/951/wiki/Equipment_Rarity 1_Leather Armor (VI),,,,5,2,93,,,,,26,11,93,,,,,96,41,93,
Mage Robe (III),Robe,1,https://ffrkstrategy.gamematome.jp/game/951/wiki/Equipment_Rarity 1_Mage Robe (III),,,,4,6,93,,,,,17,29,93,,,,,61,106,93,
Cotton Robe (VI),Robe,1,https://ffrkstrategy.gamematome.jp/game/951/wiki/Equipment_Rarity 1_Cotton Robe (VI),,,,3,5,93,,,,,15,25,93,,,,,55,92,93,
Silk Robe (VI),Robe,1,https://ffrkstrategy.gamematome.jp/game/951/wiki/Equipment_Rarity 1_Silk Robe (VI),,,,3,5,93,,,,,16,27,93,,,,,60,101,93,
Bronze Bangle (VII),Bracer,1,https://ffrkstrategy.gamematome.jp/game/951/wiki/Equipment_Rarity 1_Bronze Bangle (VII),1,1,,2,3,93,1,5,5,,11,15,93,5,19,19,,41,55,93,19
Iron Bangle (VII),Bracer,1,https://ffrkstrategy.gamematome.jp/game/951/wiki/Equipment_Rarity 1_Iron Bangle (VII),1,1,,2,3,93,1,5,5,,11,15,93,5,19,19,,41,55,93,19
Power Wrist (VII),Accessory,1,https://ffrkstrategy.gamematome.jp/game/951/wiki/Equipment_Rarity 1_Power Wrist (VII),,,,,,,,,,,,,,,,,,,,,
Sniper Eye (VI),Accessory,1,https://ffrkstrategy.gamematome.jp/game/951/wiki/Equipment_Rarity 1_Sniper Eye (VI),,,,,,,,,,,,,,,,,,,,,
